gene	gene_id	aa_pos
CRT	PF3D7_0709000	72
CRT	PF3D7_0709000	73
CRT	PF3D7_0709000	74
CRT	PF3D7_0709000	75
CRT	PF3D7_0709000	76
CRT	PF3D7_0709000	220
CRT	PF3D7_0709000	271
CRT	PF3D7_0709000	356
DHFR	PF3D7_0417200	51
DHFR	PF3D7_0417200	59
DHFR	PF3D7_0417200	108
DHFR	PF3D7_0417200	164
DHFR	PF3D7_0417200	185
DHPS	PF3D7_0810800	431
DHPS	PF3D7_0810800	436
DHPS	PF3D7_0810800	437
DHPS	PF3D7_0810800	581
MDR1	PF3D7_0523000	86
MDR1	PF3D7_0523000	184
MDR1	PF3D7_0523000	186
MDR1	PF3D7_0523000	371
MDR1	PF3D7_0523000	395
MDR1	PF3D7_0523000	1002
MDR1	PF3D7_0523000	1246
K13	PF3D7_1343700	480
K13	PF3D7_1343700	481
K13	PF3D7_1343700	483
K13	PF3D7_1343700	485
K13	PF3D7_1343700	493
K13	PF3D7_1343700	494
K13	PF3D7_1343700	515
K13	PF3D7_1343700	520
K13	PF3D7_1343700	527
K13	PF3D7_1343700	537
K13	PF3D7_1343700	538
K13	PF3D7_1343700	539
K13	PF3D7_1343700	543
K13	PF3D7_1343700	544
K13	PF3D7_1343700	546
K13	PF3D7_1343700	553
K13	PF3D7_1343700	561
K13	PF3D7_1343700	568
K13	PF3D7_1343700	574
K13	PF3D7_1343700	578
K13	PF3D7_1343700	580
K13	PF3D7_1343700	631
K13	PF3D7_1343700	641
K13	PF3D7_1343700	656
K13	PF3D7_1343700	659
K13	PF3D7_1343700	661
K13	PF3D7_1343700	662
K13	PF3D7_1343700	675