Marker	Plate
pf-marker-97	plate_2
HRP2-4	plate_2
CRT-3	plate_2
pf-marker-182	plate_2
pf-marker-116	plate_2
pf-marker-35	plate_2
pf-marker-119	plate_2
pf-marker-24	plate_2
pf-marker-157	plate_2
HRP2-1	plate_2
pf-marker-164_pf-species	plate_2
pf-marker-104	plate_2
pf-marker-77	plate_2
pf-marker-107	plate_2
pf-marker-106	plate_2
CRT-4	plate_2
pf-marker-199	plate_2
pf-marker-41	plate_2
pf-marker-34	plate_2
pf-marker-195	plate_2
pf-marker-36	plate_2
pf-marker-58	plate_2
pf-marker-130	plate_2
pf-marker-124	plate_2
pf-marker-185	plate_2
HRP3-1	plate_2
pf-marker-125	plate_2
pf-marker-93	plate_2
pf-marker-141	plate_2
pf-marker-159	plate_2
pf-marker-18	plate_2
pf-marker-10	plate_2
pf-marker-55	plate_2
pf-marker-190	plate_2
pf-marker-186	plate_2
pf-marker-26	plate_2
pf-marker-113	plate_2
pf-marker-91	plate_2
pf-marker-143	plate_2
pf-marker-163	plate_2
pf-marker-136	plate_2
pf-marker-38	plate_2
pf-marker-9	plate_2
pf-marker-153	plate_2
pf-marker-71	plate_2
pf-marker-191	plate_2
pf-marker-117	plate_2
pf-marker-146	plate_2
pf-marker-90	plate_2
pf-marker-181	plate_2
pf-marker-178	plate_2
pf-marker-74	plate_2
pf-marker-139	plate_2
HRP2-5	plate_2
pf-marker-60	plate_2
pf-marker-174	plate_2
MDR1-3	plate_2
pf-marker-135	plate_2
pf-marker-189	plate_2
pf-marker-85	plate_2
pf-marker-148	plate_2
K13-1	plate_2
pf-marker-194	plate_2
pf-marker-14	plate_2
DHPS-1	plate_2
pf-marker-46	plate_2
pf-marker-17	plate_2
pf-marker-193	plate_2
pf-marker-151	plate_2
pf-marker-100	plate_2
pf-marker-172	plate_2
pf-marker-29	plate_2
pf-marker-134	plate_2
pf-marker-30	plate_2
pf-marker-40	plate_2
pf-marker-61	plate_2
pf-marker-147	plate_2
pf-marker-63	plate_2
pf-marker-161	plate_2
pf-marker-196	plate_2
pf-marker-94	plate_2
Pm-species	plate_2
pf-marker-82	plate_2
pf-marker-45	plate_2
pf-marker-23	plate_2
pf-marker-8	plate_2
pf-marker-114	plate_2
pf-marker-72	plate_2
K13-3	plate_2
pf-marker-51	plate_2
Pv-species	plate_2
Pk-species	plate_2
pf-marker-19	plate_2
pf-marker-22	plate_2
pf-marker-197	plate_2
pf-marker-165	plate_2
MDR1-4	plate_1
pf-marker-112	plate_1
pf-marker-204	plate_1
pf-marker-118	plate_1
pf-marker-16	plate_1
CRT-6	plate_1
pf-marker-155	plate_1
pf-marker-121	plate_1
pf-marker-183	plate_1
pf-marker-171	plate_1
pf-marker-102	plate_1
pf-marker-132	plate_1
pf-marker-83	plate_1
pf-marker-127	plate_1
pf-marker-177	plate_1
CRT-2	plate_1
pf-marker-21	plate_1
pf-marker-142	plate_1
pf-marker-62	plate_1
pf-marker-15	plate_1
pf-marker-111	plate_1
pf-marker-99	plate_1
pf-marker-105	plate_1
pf-marker-122	plate_2
pf-marker-64	plate_2
pf-marker-47	plate_2
pf-marker-184	plate_2
pf-marker-145	plate_2
pf-marker-201	plate_2
pf-marker-89	plate_2
pf-marker-48	plate_2
MDR1-1	plate_2
pf-marker-28	plate_2
pf-marker-81	plate_2
DHFR-2	plate_2
pf-marker-168	plate_2
pf-marker-13	plate_2
pf-marker-123	plate_2
pf-marker-154	plate_2
pf-marker-86	plate_2
pf-marker-169	plate_2
pf-marker-166	plate_2
pf-marker-150	plate_2
CRT-5	plate_2
DHPS-2	plate_1
pf-marker-44	plate_1
pf-marker-42	plate_1
pf-marker-203	plate_1
pf-marker-170	plate_1
pf-marker-11	plate_1
pf-marker-101	plate_1
pf-marker-140	plate_1
pf-marker-198	plate_1
pf-marker-128	plate_1
pf-marker-167	plate_1
pf-marker-158	plate_1
pf-marker-200	plate_1
pf-marker-31	plate_1
HRP2-2	plate_1
CRT-1	plate_1
pf-marker-7	plate_1
pf-marker-179	plate_1
HRP3-3	plate_1
pf-marker-131	plate_1
pf-marker-2	plate_1
pf-marker-156	plate_1
pf-marker-188	plate_1
pf-marker-138	plate_1
pf-marker-137	plate_1
pf-marker-27	plate_1
pf-marker-6	plate_1
pf-marker-68	plate_1
pf-marker-160	plate_1
pf-marker-65	plate_1
pf-marker-73	plate_1
pf-marker-57	plate_1
pf-marker-54	plate_1
pf-marker-202	plate_1
pf-marker-88	plate_1
pf-marker-129	plate_1
pf-marker-120	plate_1
pf-marker-175	plate_1
pf-marker-59	plate_1
pf-marker-75	plate_1
HRP2-3	plate_1
pf-marker-67	plate_1
pf-marker-12	plate_1
pf-marker-103	plate_1
MDR1-2	plate_1
pf-marker-115	plate_1
pf-marker-37	plate_1
pf-marker-3	plate_1
pf-marker-43	plate_1
pf-marker-173	plate_1
pf-marker-69	plate_1
pf-marker-4	plate_1
pf-marker-96	plate_1
pf-marker-109	plate_1
HRP3-5	plate_1
pf-marker-144	plate_1
pf-marker-66	plate_1
K13-2	plate_1
pf-marker-80	plate_1
pf-marker-52	plate_1
pf-marker-133	plate_1
pf-marker-92	plate_1
pf-marker-149	plate_1
DHFR-1	plate_1
pf-marker-79	plate_1
pf-marker-84	plate_1
pf-marker-108	plate_1
HRP3-4	plate_1
pf-marker-50	plate_1
pf-marker-70	plate_1
pf-marker-152	plate_1
Po-species	plate_1
pf-marker-56	plate_1
pf-marker-53	plate_1
pf-marker-49	plate_1
pf-marker-20	plate_1
pf-marker-1	plate_1
pf-marker-176	plate_1
pf-marker-87	plate_1
pf-marker-33	plate_1
DHFR-3	plate_1
MDR1-5	plate_1
pf-marker-95	plate_1
pf-marker-180	plate_1
pf-marker-126	plate_1
pf-marker-192	plate_1
pf-marker-5	plate_1
pf-marker-98	plate_1
pf-marker-76	plate_1
pf-marker-162	plate_1
pf-marker-39	plate_1
pf-marker-32	plate_1
HRP3-2	plate_1
pf-marker-78	plate_1
pf-marker-25	plate_1
pf-marker-187	plate_1
pf-marker-110	plate_1